Original DateTime,END DATE,Age(days),Mementos,URI-R
2021-10-08,2021-10-13,5,1,http://cornerofthegalaxy.com/2021/10/07/podcast-the-one-with-jonathan-bond-meatloaf-and-the-state-of-the-galaxy/
2021-07-07,2021-10-13,98,1,http://goo.gl/VYyZAQ
2021-10-07,2021-10-13,6,1,http://gtxstreamsports.com/Highschoolfootball.php?live=Menchville+vs.+Heritage+-+Virginia+High+School+Football
2021-08-14,2021-10-13,60,1,http://rarible.com/saintchristopher/onsale
2021-10-08,2021-10-13,5,1,http://trib.al/HakNUYD
2021-10-07,2021-10-13,6,1,http://upgradewithdawn.com/blog/2021/10/7/the-power-of-the-table.html
2021-09-24,2021-10-13,19,1,http://www.bhhstownerealty.com/ListingDetails/1725-Dominion-AVE-Norfolk-VA-23518/10402481
2021-10-08,2021-10-13,5,1,http://www.geonet.org.nz/quakes/2021p758771
2021-10-08,2021-10-13,5,1,http://www.geonet.org.nz/quakes/2021p758775
2020-11-01,2021-10-13,346,1,http://www.heck.is/?from=%40
2021-10-07,2021-10-13,6,1,http://www.msn.com/en-ca/news/newspolitics/microsoft-report-finds-russia-dominant-force-behind-cyberattacks-in-past-year/ar-AAPflmC?ocid=st
2020-11-01,2021-10-13,346,1,http://www.heck.is/?from=%40
2021-10-07,2021-10-13,6,1,http://www.msn.com/en-ca/news/newspolitics/microsoft-report-finds-russia-dominant-force-behind-cyberattacks-in-past-year/ar-AAPflmC?ocid=st
2021-10-07,2021-10-13,6,1,http://www.msn.com/en-ca/news/newspolitics/trump-loyalists-cant-hide-this-truth-opinion/ar-AAPf9Bu?ocid=st
2021-10-08,2021-10-13,5,1,http://www.msn.com/en-gb/news/uknews/boris-johnson-allegedly-overruled-military-on-new-armed-forces-head/ar-AAPgWPa?ocid=st
2021-10-07,2021-10-13,6,1,http://www.msn.com/en-us/health/medical/two-studies-confirm-pfizers-two-dose-covid-19-vaccine-immunity-declines-over-time/vi-AAPeZcq?ocid=st
2021-10-07,2021-10-13,6,1,http://www.msn.com/en-us/news/politics/bernie-biden-and-his-misguided-agenda-for-america/ar-AAPeJMU?ocid=st
2021-10-07,2021-10-13,6,1,http://www.msn.com/en-us/news/politics/senate-drops-report-on-trumps-use-of-doj-to-stay-in-power/ar-AAPeFpr?ocid=st
2021-10-08,2021-10-13,5,1,http://www.msn.com/en-us/news/politics/trump-hid-losses-of-dollar70m-at-dc-hotel-during-his-presidency-records-reveal/ar-AAPhMXM?ocid=st
2021-10-07,2021-10-13,6,1,http://www.msn.com/en-us/news/politics/trump-said-the-real-insurrection-happened-during-the-2020-presidential-election-not-on-jan-6/ar-AAPdsdL?ocid=st
2021-10-07,2021-10-13,6,1,http://www.msn.com/en-us/news/politics/trump-slams-mcconnell-for-folding-to-the-democrats-by-offering-them-a-temporary-lift-of-the-debt-ceiling/ar-AAPeXT6?ocid=winp-st
2021-10-08,2021-10-13,5,1,http://www.msn.com/en-us/news/politics/trump-sought-to-pin-us-vaccine-hesitancy-on-biden-ignoring-the-times-he-and-his-allies-undermined-trust-in-the-shots/ar-AAPh3dT?ocid=st
2021-10-07,2021-10-13,6,1,http://www.msn.com/en-us/news/politics/trump-to-invoke-executive-privilege-in-jan-6-house-probe/ar-AAPffb6?ocid=st
2021-10-07,2021-10-13,6,1,http://www.msn.com/en-us/news/technology/perseverance-rover-images-reveal-ancient-history-of-a-water-soaked-martian-crater/ar-AAPfnph?ocid=st
2021-10-08,2021-10-13,5,1,http://www.msn.com/en-us/news/us/anger-in-us-customs-and-border-protection-as-biden-administrations-vaccine-mandate-looms/ar-AAPhbdJ?ocid=st
2021-10-08,2021-10-13,5,1,http://www.msn.com/en-us/news/us/anger-in-us-customs-and-border-protection-as-biden-administrations-vaccine-mandate-looms/ar-AAPhbdJ?ocid=winp-st
2021-10-07,2021-10-13,6,1,http://www.msn.com/en-us/news/us/biden-administration-goes-to-bat-for-betsy-devos-tries-to-shield-her-from-deposition-in-students-class-action-lawsuit/ar-AAPeXLr?ocid=st
2021-10-08,2021-10-13,5,1,http://www.msn.com/en-us/news/us/fox-news-crew-witnesses-gunfire-by-suspected-cartel-members-into-us/vi-AAPhElj?ocid=st
2021-10-07,2021-10-13,6,1,http://www.msn.com/en-us/news/us/where-bidens-vaccine-mandate-will-hit-and-miss/ar-AAPeUXm?ocid=st
2021-10-06,2021-10-13,7,1,http://www.msn.com/en-us/news/world/biden-administration-reveals-number-of-nuclear-weapons-in-us-stockpile/ar-AAPcMIP?ocid=st
2021-10-07,2021-10-13,6,1,http://www.sportlive.oyageuy.com/njcaa.php?live=Game+Day+College+Softball
2021-07-13,2021-10-13,92,1,https://2xs.rocks/support/
2021-10-08,2021-10-13,5,1,https://48278.blackbaudhosting.com/48278/Members-only-A-Dammed-Land
2021-10-08,2021-10-13,5,1,https://abcnews.go.com/Health/wireStory/abortions-resume-texas-clinics-judge-halts-law-80470837?cid=social_twitter_tw
2021-10-08,2021-10-13,5,1,https://allevents.in/norfolk/free-groceries-personal-hygiene-new-clothes-undergarments-and-more/80003434682911
2021-10-08,2021-10-13,5,1,https://allthebrazilianpolitics.tumblr.com/post/664503371553783808/only-shell-ecopetrol-place-bids-in-disappointing#_=_
2021-10-08,2021-10-13,5,1,https://anchor.fm/thedissenter/episodes/532-Robert-Paarlberg---Resetting-the-Table-Straight-Talk-About-the-Food-We-Grow-and-Eat-e13r27c
2021-08-19,2021-10-13,55,1,https://api.whatsapp.com/message/YUCYUHNO5ANBL1
2021-08-19,2021-10-13,55,1,https://api.whatsapp.com/resolve/?deeplink=%2Fmessage%2FYUCYUHNO5ANBL1
2021-10-07,2021-10-13,6,1,https://apnews.com/article/technology-business-china-europe-united-states-e13548edf082992a735a0af1da39b6c8?curator=MediaREDEF
2021-10-08,2021-10-13,5,1,https://app.quantdata.us/news/23299387
2021-09-02,2021-10-13,41,1,https://app.viralsweep.com/rin/90194/2237698
2021-08-24,2021-10-13,50,1,https://app.viralsweep.com/rin/92119/2221757
2021-10-07,2021-10-13,6,1,https://apps.apple.com/us/app/newton-conover-city-schools-nc/id1585196885
2021-10-07,2021-10-13,6,1,https://bitcoinethereumnews.com/economy/fed-governor-anticipates-climate-change-guidance-coming-for-big-banks/
2021-10-08,2021-10-13,5,1,https://bitcoinethereumnews.com/economy/polygon-price-analysis-matic-spikes-above-1-35-previous-high-slow-reversal-to-follow/
2021-10-08,2021-10-13,5,1,https://bitcoinethereumnews.com/technology/figment-ceo-value-of-staking-is-built-on-community-not-a-one-way-street/
2021-10-07,2021-10-13,6,1,https://blog.lakeofthewoodsvirginia.com/2021/10/07/204-westover-pkwy-lake-of-the-woods-virginia-22508-offered-for-sale-at-xxxxxx-by-the-licata-group-exp-realty-llc/
2021-10-07,2021-10-13,6,1,https://blogs.darden.virginia.edu/executive-education/2021/10/07/meet-the-team-anne-trumbore-on-a-mission-to-bring-lifelong-learning-opportunities-to-all/
2021-10-07,2021-10-13,6,1,https://breakingnewsandreligion.online/2021/10/07/durham-probes-pentagon-computer-contractors-in-anti-trump-conspiracy/
2021-10-07,2021-10-13,6,1,https://breakingnewsandreligion.online/2021/10/07/is-this-the-beginning-of-the-end-of-the-biden-administration/
2021-10-07,2021-10-13,6,1,https://breakingnewsandreligion.online/?p=162999
2021-10-07,2021-10-13,6,1,https://breakingnewsandreligion.online/?p=163005
2021-10-08,2021-10-13,5,1,https://brighttreestudios.com/iot-digital-hospital-experience/
2021-10-08,2021-10-13,5,1,https://chessington-plumbers.tumblr.com/post/664458088601059328/httpsmyspacecomjesuvertion#_=_
2021-10-08,2021-10-13,5,1,https://clicktotweet.com/Qf9rz+
2021-10-08,2021-10-13,5,1,https://constantinecannon.com/2021/10/08/catch-of-the-week-nba-players-charged-in-healthcare-fraud-scheme/
2021-08-21,2021-10-13,53,1,https://cppsecrets.com/users/120612197115104981111171149751485164103109971051084699111109/Python-.php
2021-10-08,2021-10-13,5,1,https://cutleryworks.co.uk/latest-events/%C3%B0%C2%9F%C2%8D%C2%BB
2021-10-08,2021-10-13,5,1,https://dailynewssheet.com/2021/10/02/risk-averse-ethereum-traders-use-this-options-strategy-to-increase-exposure-to-eth/?ref=quuu
2021-10-08,2021-10-13,5,1,https://dashslktr.bandcamp.com?external_follow=1
2021-10-08,2021-10-13,5,1,https://defence.pk/pdf/threads/us-navy-sailors-injured-after-submarine-strikes-object-in-south-china-sea.725503/
2021-09-28,2021-10-13,15,1,https://digitalhealthweek.co/participate.php
2021-10-08,2021-10-13,5,1,https://discord.com/invite/34qMp2Ju
2021-10-07,2021-10-13,6,1,https://discord.com/invite/DcYyB4Ez
2021-10-08,2021-10-13,5,1,https://discord.com/invite/a6Cbfe2xyM
2021-10-07,2021-10-13,6,1,https://discord.com/invite/rJgFgvEn
2021-04-21,2021-10-13,175,1,https://discord.gg/BCptbpcdfJ
2021-10-08,2021-10-13,5,1,https://docs.google.com/document/d/1SkzMy6VU08umSD9UBBgjYbSUuQlB4C34Jc7J1hNMo4M/edit?usp=sharing
2021-10-08,2021-10-13,5,1,https://dy.si/FLN4f
2021-10-08,2021-10-13,5,1,https://dy.si/YLX13
2021-10-08,2021-10-13,5,1,https://dy.si/qyRFF
2021-10-08,2021-10-13,5,1,https://fatherlyadviceandrants.com/2021/10/08/october-2021-conservative-article-reference-list/
2021-10-07,2021-10-13,6,1,https://finance.kwhen.com/news/stockmovers/46bf1067-88ef-4e88-b8b6-1e84454f43da
2021-10-07,2021-10-13,6,1,https://finance.kwhen.com/news/stockmovers/87b9b999-158d-4dfd-8bed-228e44d52778
2021-08-29,2021-10-13,45,1,https://flabia.in/?p=36
2021-10-08,2021-10-13,5,1,https://flagandcross.com/suspected-cartel-gunman-opens-fire-on-national-guard-stationed-at-border-video-reportedly-shows/
2021-10-07,2021-10-13,6,1,https://flutrackers.com/forum/forum/canada/canada-covid-19-sept-13-2020-may-31-2021/903236-manitoba-canada-2021-covid-cases/page17#post925081
2021-10-07,2021-10-13,6,1,https://get.stationhead.com/kh0oAhKoakb
2021-10-08,2021-10-13,5,1,https://getfarmacy.com/blogs/explore/sweet-potato-tater-tots-with-clean-ketchup?fbclid=IwAR2d5GPIlarGi0B0Rja7oLHaeeUB-d7zpMJJQ1P4v2Xmr3ITNM7Au7N0Dks
2021-10-07,2021-10-13,6,1,https://gleam.io/7gTSD-AIedpvUbsT
2021-10-07,2021-10-13,6,1,https://gleam.io/7gTSD-GI6ufu2f0r
2021-10-07,2021-10-13,6,1,https://gleam.io/7gTSD/tg-13-iphone-13-giveaway?gsr=7gTSD-AIedpvUbsT
2021-10-07,2021-10-13,6,1,https://gleam.io/7gTSD/tg-13-iphone-13-giveaway?gsr=7gTSD-GI6ufu2f0r
2021-10-07,2021-10-13,6,1,https://gleam.io/7gTSD/tg-13-iphone-13-giveaway?gsr=7gTSD-L2caKzTIAM
2021-10-07,2021-10-13,6,1,https://gleam.io/XsYPG/iphone-13-giveaway-esr?gsr=XsYPG-AYq6iNQCXc
2021-10-06,2021-10-13,7,1,https://gleam.io/Zv3cH-3vSQOBls4f
2021-10-06,2021-10-13,7,1,https://gleam.io/Zv3cH/mega-iphone-13-giveaway?gsr=Zv3cH-3vSQOBls4f
2021-10-08,2021-10-13,5,1,https://go.realchemistry.com/l/603341/2021-10-08/4n5b8
2021-10-08,2021-10-13,5,1,https://go.realchemistry.com/l/603341/2021-10-08/4n5bd
2021-07-07,2021-10-13,98,1,https://goo.gl/VYyZAQ
2021-10-08,2021-10-13,5,1,https://hotels.gms-world.net/hotelLandmark/mqyyqxtuw/mtsxwupwy
2021-10-05,2021-10-13,8,1,https://hotels.gms-world.net/hotelLandmark/qyrqrutv/myxrrtppq
2021-10-08,2021-10-13,5,1,https://humbernews.ca/2021/10/disney-marvel-battle-creators-estates-over-comic-book-copyright-termination/
2021-10-08,2021-10-13,5,1,https://humbernews.ca/2021/10/keep-promises-on-electoral-reform/
2021-10-08,2021-10-13,5,1,https://incorrect-marvel-fam-quotes.tumblr.com/post/664503337715171328#_=_
2021-08-06,2021-10-13,68,1,https://info.deepintent.com/l/897671/2021-08-06/y59m
2021-09-30,2021-10-13,13,1,https://iu.com.au/members/?scut=m
2021-10-08,2021-10-13,5,1,https://jobs.royalmailgroup.com/job/Attleborough-Postperson-with-Driving-Attleborough-SU-Delivery-Office-%28NR17-2QZ%29-NR17-2QZ/723591801/
2021-10-07,2021-10-13,6,1,https://kwhen.com/finance/news/46bf1067-88ef-4e88-b8b6-1e84454f43da
2021-10-07,2021-10-13,6,1,https://kwhen.com/finance/news/87b9b999-158d-4dfd-8bed-228e44d52778
2021-10-08,2021-10-13,5,1,https://m.facebook.com/GOHSSN
2021-10-08,2021-10-13,5,1,https://mailchi.mp/allianceforthebay/forests-for-the-bay-october-special-events-highlight?e=eb8370044e
2021-10-08,2021-10-13,5,1,https://meet.google.com/wta-obmj-sib
2020-11-06,2021-10-13,341,1,https://mng.bz/d4N1
2021-10-08,2021-10-13,5,1,https://monkeysandmountains.com/things-to-do-in-jasper/
2021-10-08,2021-10-13,5,1,https://music.apple.com/us/album/generation-zero/1579594392
2021-10-08,2021-10-13,5,1,https://music.apple.com/us/album/live-from-hollywood-ep/1579964623
2021-04-12,2021-10-13,184,1,https://my.homestyledepot.com/product/best-choice-products-tufted-faux-leather-3-seat-l-shape-sectional-sofa-couch-set-with-chaise-lounge-ottoman-coffee-table-bench/
2021-10-07,2021-10-13,6,1,https://news.yahoo.com/arizona-audit-trump-biden-biggs-house-hearing-174616100.html?ncid=twitter_yahoonewst_sjwumo1bpf4
2021-09-09,2021-10-13,34,1,https://odu.co1.qualtrics.com/jfe/form/SV_bEqdgM5YX53VVno
2021-10-08,2021-10-13,5,1,https://odusports.com/news/2021/10/6/football-game-six-preview-odu-at-marshall.aspx
2021-09-28,2021-10-13,15,1,https://pc.city/event/chesapeake-fishing-open/
2021-10-07,2021-10-13,6,1,https://play.google.com/store/apps/details?id=com.apptegy.newtonnc
2021-10-08,2021-10-13,5,1,https://queensu.zoom.us/webinar/register/5616336168650/WN_937bd17tSieNBACsVU-PJA
2021-10-08,2021-10-13,5,1,https://r.socialstudio.radian6.com/95378cdc-7e70-4aa0-a824-76b8209eacf5
2021-08-14,2021-10-13,60,1,https://rarible.com/saintchristopher/onsale
2021-10-08,2021-10-13,5,1,https://readyforsocial.com/ee4c805c9064
2020-11-03,2021-10-13,344,1,https://s2.radio.co/s65bed55bb/listen
2021-10-07,2021-10-13,6,1,https://secure.avaaz.org/campaign/en/end_the_dolphin_grind_32/?wUmEOeb
2021-10-08,2021-10-13,5,1,https://secure.ngpvan.com/z3tactBBe0uJkBMVZgP2Bg2
2021-10-08,2021-10-13,5,1,https://smudgedlipstick.co.uk/event/diary-days-shoreditch-october-2021/
2021-09-23,2021-10-13,20,1,https://t.me/BlueLoveeCommu
2021-09-26,2021-10-13,17,1,https://trib.al/2FWNNnE
2021-10-07,2021-10-13,6,1,https://trib.al/2vTCkFS
2021-10-08,2021-10-13,5,1,https://trib.al/3icIU4S
2021-10-07,2021-10-13,6,1,https://trib.al/9AQvIoS
2021-10-08,2021-10-13,5,1,https://trib.al/9a9fEOz
2021-10-08,2021-10-13,5,1,https://trib.al/A2OyGJ8
2021-10-07,2021-10-13,6,1,https://trib.al/OjM5hJ7
2021-10-08,2021-10-13,5,1,https://trib.al/XKLLj4u
2021-10-08,2021-10-13,5,1,https://trib.al/asXTrrb
2021-10-08,2021-10-13,5,1,https://trib.al/d5hX6TD
2021-10-08,2021-10-13,5,1,https://trib.al/eNGKrJL
2021-10-07,2021-10-13,6,1,https://trib.al/gzE9Il6
2021-10-08,2021-10-13,5,1,https://trib.al/jIKyCjj
2021-10-08,2021-10-13,5,1,https://trib.al/jIqhUG8
2021-10-07,2021-10-13,6,1,https://trib.al/skK2xC4
2021-10-08,2021-10-13,5,1,https://trib.al/t2MvjSk
2021-10-08,2021-10-13,5,1,https://trib.al/vACMZhd
2021-10-08,2021-10-13,5,1,https://trib.al:443/Y6nPnOw
2021-10-09,2021-10-13,4,1,https://ubuntu.com/security/notices/USN-5108-1
2021-10-08,2021-10-13,5,1,https://uniquetimes.org/suicide-bomber-strikes-at-mosque-in-afghanistan-more-than-100-people-were-reported-killed/
2021-10-08,2021-10-13,5,1,https://www.929thewave.com/2021/10/06/lauren-daigle-talks-to-jen-lewis-about-how-an-autoimmune-illness-led-her-to-pursue-music-listen/
2021-10-08,2021-10-13,5,1,https://www.adweek.com/blognetwork/journalists-from-philippines-russia-given-nobel-peace-prize/91637
2021-05-29,2021-10-13,137,1,https://www.amazon.com/dp/069219746X/ref=cm_sw_r_tw_dp_TJYJRETAE3Z9MV5DESC7
2021-10-08,2021-10-13,5,1,https://www.arabnews.pk/node/1943781/pakistan
2021-10-08,2021-10-13,5,1,https://www.barrons.com/articles/take-two-stock-had-a-great-week-thank-grand-theft-auto-games-51633718400?mod=bol-social-tw
2021-09-10,2021-10-13,33,1,https://www.bhhstownerealty.com/10400000
2021-09-24,2021-10-13,19,1,https://www.bhhstownerealty.com/10402481
2021-09-24,2021-10-13,19,1,https://www.bhhstownerealty.com/ListingDetails/1725-Dominion-AVE-Norfolk-VA-23518/10402481
2021-09-10,2021-10-13,33,1,https://www.bhhstownerealty.com/ListingDetails/313-W-Freemason-ST-3-Norfolk-VA-23510/10400000
2021-10-02,2021-10-13,11,2,https://www.bluegreenalliance.org/resources/new-survey-of-arizona-colorado-virginia-and-west-virginia-voters-reveals-support-for-build-back-better/
2021-10-08,2021-10-13,5,2,https://www.carbibles.com/here-are-a-few-tips-to-prevent-catalytic-converter-theft/
2021-10-07,2021-10-13,6,2,http://allnuz.blogspot.com/2021/10/travel-to-portugal-during-covid-19-what.html
2021-10-07,2021-10-13,6,2,http://allnuz.blogspot.com/2021/10/travel-to-portugal-during-covid-19-what.html
2021-10-07,2021-10-13,6,2,http://allnuz.blogspot.com/2021/10/traveling-to-brazil-during-covid-19.html
2021-10-07,2021-10-13,6,2,http://allnuz.blogspot.com/2021/10/traveling-to-brazil-during-covid-19.html
2021-10-07,2021-10-13,6,2,http://allnuz.blogspot.com/2021/10/traveling-to-spain-during-covid-19-what.html
2021-10-07,2021-10-13,6,2,http://allnuz.blogspot.com/2021/10/traveling-to-spain-during-covid-19-what.html
2018-02-23,2021-10-13,1328,2,http://bigcash.zipnadazilch.com/index.php?referral=81367
2019-05-08,2021-10-13,889,2,http://bigcash.zipnadazilch.com/index.php?referral=81367
2021-10-08,2021-10-13,5,2,http://bignewsindiamirror.blogspot.com/2021/10/vegetable-traders-seek-election.html
2021-10-08,2021-10-13,5,2,http://bignewsindiamirror.blogspot.com/2021/10/vegetable-traders-seek-election.html
2021-10-08,2021-10-13,5,2,http://dlvr.it/S99trV
2021-10-08,2021-10-13,5,2,http://dlvr.it/S99trV
2020-11-01,2021-10-13,346,2,http://golpr.ru/galmuo/index.php
2020-11-17,2021-10-13,330,2,http://golpr.ru/galmuo/index.php
2021-09-30,2021-10-13,13,2,http://indc.app/buy/?ref=darthxrinzler
2021-09-30,2021-10-13,13,2,http://indc.app/buy/?ref=darthxrinzler
2021-10-08,2021-10-13,5,2,http://muslimaid.org/pakistan-earthquake-emergency/
2021-10-08,2021-10-13,5,2,http://muslimaid.org/pakistan-earthquake-emergency/
2021-10-08,2021-10-13,5,2,http://newsl6.blogspot.com/2021/10/fox-news-david-marcus-biden-must.html
2021-10-08,2021-10-13,5,2,http://newsl6.blogspot.com/2021/10/fox-news-david-marcus-biden-must.html
2021-10-08,2021-10-13,5,2,http://newyorktimesnews24.blogspot.com/2021/10/fox-news-david-marcus-biden-must.html
2021-10-08,2021-10-13,5,2,http://newyorktimesnews24.blogspot.com/2021/10/fox-news-david-marcus-biden-must.html
2021-10-08,2021-10-13,5,2,http://www.4scarrsgaming.com/2021/10/grand-theft-auto-trilogy-definitive.html
2021-10-08,2021-10-13,5,2,http://www.4scarrsgaming.com/2021/10/grand-theft-auto-trilogy-definitive.html
2020-12-09,2021-10-13,308,2,http://www.beezleisure.co.uk/new-caravans/norfolk/thetford/weinsberg-caraone-390-qd-ck01ed246
2021-10-08,2021-10-13,5,2,http://www.beezleisure.co.uk/new-caravans/norfolk/thetford/weinsberg-caraone-390-qd-ck01ed246
2021-10-08,2021-10-13,5,2,http://www.blazemeter.com/blog/why-use-selenium-for-automation-testing/?es_id=c466316488
2021-10-08,2021-10-13,5,2,http://www.blazemeter.com/blog/why-use-selenium-for-automation-testing/?es_id=c466316488
2021-10-08,2021-10-13,5,2,http://www.nhl.com/jets/news/c-326661102
2021-10-07,2021-10-13,6,2,http://www.theinclusionsolution.me/the-buzz-health-crisis-in-paradise/
2021-10-08,2021-10-13,5,2,http://www.theinclusionsolution.me/the-buzz-health-crisis-in-paradise/
2021-10-07,2021-10-13,6,2,https://247sports.com/college/notre-dame/ContentGallery/Notre-Dame-vs-Virginia-Tech-Everything-Brian-Kelly-Said-Thursday-172561697/
2021-04-29,2021-10-13,167,2,https://511ny.org/EventDetails/TRANSCOM/ORC29072509
2021-10-07,2021-10-13,6,2,https://allnuz.blogspot.com/2021/10/travel-to-portugal-during-covid-19-what.html
2021-10-07,2021-10-13,6,2,https://allnuz.blogspot.com/2021/10/traveling-to-brazil-during-covid-19.html
2021-10-07,2021-10-13,6,2,https://allnuz.blogspot.com/2021/10/traveling-to-spain-during-covid-19-what.html
2021-10-08,2021-10-13,5,2,https://arnoldsupport.com/2021/10/08/getting-shader-info-from-an-ass-file/
2021-08-02,2021-10-13,72,2,https://assistedlivinglocators.com/northeasthouston
2021-04-27,2021-10-13,169,2,https://bagsblingboutique.com/products/half-moon-soft-real-leather-coin-purse
2021-10-08,2021-10-13,5,2,https://bignewsindiamirror.blogspot.com/2021/10/vegetable-traders-seek-election.html
2021-10-07,2021-10-13,6,2,https://bioprocessintl.com/bioprocess-insider/regulations/human-error-at-cdmo-led-to-moderna-vaccine-contamination-in-japan/
2021-09-23,2021-10-13,20,2,https://biotechsa.com/2/news/covid-19-cited-in-significant-increase-in-healthcare-associated-infections-in-2020/
2020-10-31,2021-10-13,347,2,https://books.apple.com/us/book/learning-numbers-for-kids-count-1-to-30/id747290129
2021-10-08,2021-10-13,5,2,https://brobible.com/?p=23207823
2021-10-08,2021-10-13,5,2,https://brobible.com/culture/article/jake-gyllenhaal-beard-spiderman-far-from-home/
2021-10-07,2021-10-13,6,2,https://clicktotweet.com/MHhER
2021-10-07,2021-10-13,6,2,https://climbing-moss.com/2021/10/07/more-coffee-please/
2021-10-08,2021-10-13,5,2,https://coursera.org/share/b1c554d8b30d04832db3cbd139b52dc0
2021-10-08,2021-10-13,5,2,https://cryptobreaking.com/powercrypto-holdings-to-launch-btc-eth-mining-in-hong-kong/
2021-10-08,2021-10-13,5,2,https://cryptobreaking.com/value-of-ethereum-held-by-miners-reaches-five-year-record-levels/
2021-09-22,2021-10-13,21,2,https://discord.com/invite/CTvHKZU5Ba
2021-10-05,2021-10-13,8,2,https://discord.com/invite/rQyJdPU2mE
2021-09-22,2021-10-13,21,2,https://discord.gg/CTvHKZU5Ba
2021-10-08,2021-10-13,5,2,https://drivencarreviews.libsyn.com/lexus-teammate-is-a-techy-copilot-and-doesnt-hog-the-fries?tdest_id=494126
2021-10-08,2021-10-13,5,2,https://dy.si/yqjfM
2020-11-01,2021-10-13,346,2,https://e-ponies.com/racing-picks/?imageCode=EVD
2021-10-08,2021-10-13,5,2,https://earthquaketrack.com/quakes/2021-10-08-16-34-53-utc-4-4-95
2021-10-08,2021-10-13,5,2,https://elijahwordsmith.com/portfolio/
2021-09-03,2021-10-13,40,2,https://fishawack.com/news/paving-the-way-for-the-next-generation-of-healthcare-communicators/
2021-10-08,2021-10-13,5,2,https://gh.bmj.com/content/6/9/e005856
2021-10-08,2021-10-13,5,2,https://github.com/SeleniumHQ/selenium/releases/tag/selenium-4.0.0-rc-3
2021-10-08,2021-10-13,5,2,https://gosycamores.com/news/2021/10/8/womens-soccer-indiana-state-soccer-hits-the-road-for-match-at-uni.aspx
2021-10-08,2021-10-13,5,2,https://guides.lib.odu.edu/virtualbookdisplay/artssocialjustice
2021-10-08,2021-10-13,5,2,https://harveyschwartzmd.com/2021/10/08/ep-16-history-and-culture-matter-for-depression-with-jonathan-sadowsky-md/
2021-10-08,2021-10-13,5,2,https://ir.usgoldcorp.gold/press-releases/detail/137
2021-10-08,2021-10-13,5,2,https://iraf-community.github.io/iraf/discussions
2021-10-09,2021-10-13,4,2,"https://journals.lww.com/joem/Abstract/2021/10000/Depression,_Healthcare_Utilization,_Missed_Work,.2.aspx"
2021-10-08,2021-10-13,5,2,https://jrnl.ie:443/5568786t
2021-10-08,2021-10-13,5,2,https://link.springer.com/book/10.1007/978-3-030-83301-5
2021-10-08,2021-10-13,5,2,https://m5dergi.com/defence-news/report-u-s-troops-have-been-secretly-training-taiwans-military/
2021-10-08,2021-10-13,5,2,https://mccareer.org/2021/10/08/virtual-healthcare-management-course-10-13-jan-o3-o4/
2021-10-07,2021-10-13,6,2,https://metro.co.uk/2021/10/07/games-inbox-how-good-is-the-battlefield-2042-open-beta-15378824/
2021-10-08,2021-10-13,5,2,https://news.un.org/feed/view/en/story/2021/10/1102462
2021-10-08,2021-10-13,5,2,https://news.wfsu.org/state-news/2021-10-08/florida-education-leaders-vote-to-reduce-funding-to-eight-school-districts-over-mask-mandates?news-site-share=twitter
2021-10-08,2021-10-13,5,2,https://newsl6.blogspot.com/2021/10/fox-news-david-marcus-biden-must.html
2021-10-07,2021-10-13,6,2,https://newsnoon.com/n/f41fc4fb34cf478f8815480930e0c31d/
2021-10-08,2021-10-13,5,2,https://newyorktimesnews24.blogspot.com/2021/10/fox-news-david-marcus-biden-must.html
2021-10-08,2021-10-13,5,2,https://ngpa.us/16284
2021-10-08,2021-10-13,5,2,https://parishaustin.com/events/stove-god-cooks/
2021-09-16,2021-10-13,27,2,https://passportmagazine.com/discovering-guadalajara-mexico/
2021-07-31,2021-10-13,74,2,https://prdmobile.tripsavr2.com/HotelDeal/HE571147/116
2021-10-12,2021-10-13,1,2,https://raceandequality.org/english/brazils-600-thousand-deaths-2/
2021-10-07,2021-10-13,6,2,https://resurge.com/go/?hop=qualiplus
2021-10-07,2021-10-13,6,2,https://rismedia.com/ace2-branded/rismedia.com/134932/bmVGNlg2TlUzOUNDeVA1dDVTbVRzQT09/Twitter/
2021-10-08,2021-10-13,5,3,https://rismedia.com/ace2-branded/rismedia.com/154017/ZXo0dEpSMXZIQjdwNkxPOURzVWhnUT09/Twitter/
2021-10-07,2021-10-13,6,3,https://roxomediahouse.com/
2021-03-08,2021-10-13,219,3,https://saivi.optisolbusiness.com/web-scraping-data-aggregation/
2021-10-11,2021-10-13,2,3,https://seniorhousingnews.com/2021/10/07/pent-up-demand-pushes-q3-senior-living-occupancy-to-80-1-portends-a-good-future/
2021-10-08,2021-10-13,5,3,https://seniorhousingnews.com/2021/10/07/transform-podcast-61-glenn-barclay-of-qsl-management/
2021-09-09,2021-10-13,34,3,https://t.ly/bMge
2021-10-09,2021-10-13,4,3,https://t.me/Battle_Zombies_Whitelist_Bot
2021-09-22,2021-10-13,21,3,https://thebrooklyninstitute.com/items/courses/new-york/calculus-history-and-concept-2/
2021-10-07,2021-10-13,6,3,https://theprophecy.blog/2021/10/07/russias-newest-nuclear-horn-daniel-7/
2021-10-07,2021-10-13,6,3,https://toysmatrix.com/will-shiba-inu-coin-reach-1-expert-analysis-as-token-surges-by-230-city-business-finance/
2020-11-01,2021-10-13,346,3,https://upub.jp/books/15621
2021-10-07,2021-10-13,6,3,https://us02web.zoom.us/meeting/register/tJwpd-ygpz4oZ-EueSMrVLyzSHfi8KqWHw
2021-10-11,2021-10-13,2,3,https://wvusports.com/news/2021/10/7/womens-basketball-west-virginia-picked-fourth-in-big-12-preseason-poll.aspx
2021-10-07,2021-10-13,6,3,https://www-wsj-com.cdn.ampproject.org/c/s/www.wsj.com/amp/articles/long-covid-concerns-help-fuel-biden-administrations-broad-booster-push-11633604401
2021-10-08,2021-10-13,5,3,https://www.4scarrsgaming.com/2021/10/grand-theft-auto-trilogy-definitive.html
2021-10-08,2021-10-13,5,3,https://www.blazemeter.com/blog/why-use-selenium-for-automation-testing?es_id=c466316488
2021-10-08,2021-10-13,5,3,http://dlvr.it/S99krq
2021-09-16,2021-10-13,27,3,http://golpr.ru/6vml64/index.php
2021-10-07,2021-10-13,6,3,http://www.919thebend.ca/2021/10/07/n-b-reports-116-covid-19-cases?sc_ref=direct
2021-10-08,2021-10-13,5,3,http://www.investing.com/news/cryptocurrency-news/bitcoin-hints-at-1t-market-cap-retest-after-price-hitting-4month-highs-2638845
2021-10-07,2021-10-13,6,3,http://www.investing.com/news/economic-indicators/ecuador-eyes-trade-deals-with-china-russia-in-bid-for-investment-2638130
2021-10-07,2021-10-13,6,3,http://www.investing.com/news/general/biden-to-tout-vaccine-mandates-for-large-companies-in-chicago-trip-2637145
2021-10-07,2021-10-13,6,3,http://www.investing.com/news/stock-market-news/us-administers-nearly-400-million-doses-of-covid19-vaccines--cdc-2637974
2021-10-07,2021-10-13,6,3,https://150474952.homesconnect.com/Listing/304603318-150474952/4825-bay-winds-ct-ct-virginia-beach-va-23455/
2021-09-18,2021-10-13,25,3,https://app.optimisingnutrition.com/recipe-books
2020-11-01,2021-10-13,346,3,https://books.apple.com/us/book/learning-numbers-for-kids/id747290129
2021-10-10,2021-10-13,3,3,https://canadafreepress.com/article/maricopa-county-admits-they-deleted-and-moved-the-election-data-to-hide-it-from-auditors
2021-04-24,2021-10-13,172,3,https://coinbase.com/join/whiteh_wo3?src=ios-link
2021-10-09,2021-10-13,4,3,https://disb.dc.gov/release/district-announces-2022-health-insurance-rates
2021-10-08,2021-10-13,5,3,https://doi.org/10.1037/apl0000839
2021-10-08,2021-10-13,5,3,https://earthquaketrack.com/quakes/2021-10-08-18-12-01-utc-2-2-2
2021-10-08,2021-10-13,5,3,https://easttexasradio.com/math-class-at-pjc-sulphur-springs-center-2/
2021-04-11,2021-10-13,185,3,https://emergencymanagement.sccgov.org/residents/know-your-risk-earthquakes
2021-08-29,2021-10-13,45,3,https://flabia.in/healthcare/flabai-fresh-aleo-vera-benefits/
2021-08-05,2021-10-13,69,3,https://go.rallyup.com/bikeforbraxton
2021-10-08,2021-10-13,5,3,https://grmdaily.com/m24-nftr/
2021-10-08,2021-10-13,5,3,https://massivelyop.com/2021/10/08/marvels-avengers-introduces-xp-boosts-to-its-in-game-store-and-sends-its-community-into-a-tailspin/
2021-10-07,2021-10-13,6,3,https://mutualltd.com.au/announcement/mutual-daily-update-08-10-2021/
2021-04-26,2021-10-13,170,3,https://my.digitrade.pro/traders/growth
2020-11-01,2021-10-13,346,3,https://myspace.com/kengosasaki
2021-10-08,2021-10-13,5,3,https://norfolkdailynews.com/news/alcohol-a-factor-in-norfolk-crash-thursday-night/article_26d6eeea-2845-11ec-a17a-efae725e1bbc.html
2021-05-29,2021-10-13,137,3,https://onlinecouponcourses.com/selenium-in-c-setup-simple-test-automation-framework/
2021-03-27,2021-10-13,200,3,https://onlinecouponcourses.com/selenium-in-java-setup-simple-test-automation-framework/
2021-10-08,2021-10-13,5,3,https://revistaelconocedor.com/global-wine-2021-vinos-ganadores-medalla-plata/#.YWBXVhQqbYY.whatsapp
2021-10-07,2021-10-13,6,3,https://s.einnews.com:443/IP_z5nAtzP
2021-10-08,2021-10-13,5,3,https://s.einnews.com:443/OUJAsnp8y1
2021-10-07,2021-10-13,6,3,https://s.einnews.com:443/_6P7P9RJw5
2021-10-08,2021-10-13,5,3,https://s.einnews.com:443/mmP3M7Er0Y
2021-10-07,2021-10-13,6,3,https://shop.peoplescali.com/stores/peoples/products/tinctures
2021-10-09,2021-10-13,4,4,https://sofrep.com/news/run-the-guantlet-of-navy-seal-hazing/
2021-09-16,2021-10-13,27,4,https://soulwellpublishing.square.site/
2021-10-07,2021-10-13,6,4,https://t.me/MoonGuildAirDropBot
2021-10-09,2021-10-13,4,4,https://takeitpersonelly.com/2021/10/08/10-math-focused-jobs-for-those-who-love-crunching-numbers/
2021-10-07,2021-10-13,6,4,https://www.919thebend.ca/2021/10/07/n-b-reports-116-covid-19-cases?sc_ref=direct
2021-10-08,2021-10-13,5,4,https://www.ache.org/blog/2021/chapters-play-a-vital-role-in-advancing-leaders
2020-10-31,2021-10-13,347,4,https://www.amazon.co.uk/dp/B081KR5RNG/
2021-10-08,2021-10-13,5,4,https://www.baltimoresun.com/food-drink/bs-fo-bits-and-bites-wharf-rat-werners-and-more-20211008-yuwbdrotanbxhc5wapwnvowms4-story.html
2021-09-14,2021-10-13,29,4,https://www.beckershospitalreview.com/digital-transformation/biden-to-nix-medicare-coverage-of-breakthrough-medical-technologies-4-details.html
2021-05-21,2021-10-13,145,4,https://www.binance.com/en/trade/DOGE_USDT?ref=UTPLOLNM
2021-10-07,2021-10-13,6,4,https://www.bitchute.com/video/VQme7yMuHK2V
2021-03-01,2021-10-13,226,4,https://www.bjfrazier.com/book/seth-wants-a-daddy/
2021-10-08,2021-10-13,5,4,https://www.businesswire.com/news/home/20211007005110/en/Sontiq%C2%AE-Announces-Industry-First-Digital-Safety-and-Security-Features-for-Families
2021-10-08,2021-10-13,5,4,http://dlvr.it/S99Gwj
2021-09-14,2021-10-13,29,4,http://tosto.re/okcoinapplink
2021-10-09,2021-10-13,4,4,http://www.capitalgazette.com/news/ac-cn-bay-bridge-stand-off-mental-health-police-20211008-lgr6bjyh5jdyjguoeh4nkkgthy-story.html
2021-10-08,2021-10-13,5,4,http://www.investing.com/news/cryptocurrency-news/crypto-flipsider-news--october-8th--sec-approves-bitcointracking-etf-tethers-controversy-intensifies-binance-considers-ireland-hq-south-korea-to-tax-crypto-russia-imposes-new-crypto-regulation-2638853
2021-10-08,2021-10-13,5,4,http://www.quintenews.com/2021/10/08/belleville-council-set-to-discuss-election-advertising?sc_ref=direct
2010-07-10,2021-10-13,4113,4,https://MySpace.com/FreshFlyMindz
2020-09-19,2021-10-13,389,4,https://advancedbrain.com/product-category/books-music/sound-health/
2021-10-07,2021-10-13,6,4,https://africa-newsroom.com/press/covid19-economic-recovery-climate-change-and-maritime-security-on-the-agenda-of-the-8th-eu-seychelles-political-dialogue?lang=en
2020-11-01,2021-10-13,346,4,https://app.rarible.com/saintchristopher/onsale
2020-10-18,2021-10-13,360,4,https://cantatahealth.com/products/referral-portal/
2021-04-26,2021-10-13,170,4,https://cloudbet.com/en/bitcoin-casino?af_token=8ac28ed7999d859ebe4561ee3121e9d5
2021-08-26,2021-10-13,48,4,https://community.connection.com:443/smart-glasses-bringing-mission-impossible-to-the-hospital/?cm_mmc=buzzhive-_-user-44650-_-post-4a722b3b-13e9-43ce-8d8e-a59f31c957c6-_-Twitter
2021-10-08,2021-10-13,5,4,https://cryptopotato.com/mike-novogratz-nft-investors-should-take-profits-and-put-them-in-btc-and-eth/
2021-04-21,2021-10-13,175,4,https://discord.com/invite/BCptbpcdfJ
2021-10-07,2021-10-13,6,5,https://finance.yahoo.com/news/september-jobs-report-labor-department-hiring-covid-2021-191337923.html?ncid=twitter_yfsocialtw_l1gbd0noiom
2020-07-13,2021-10-13,457,5,https://get.mona.co/aFOU6gdp07
2021-10-01,2021-10-13,12,5,https://jesuit.bandcamp.com/
2021-10-07,2021-10-13,6,5,https://laist.com/news/pfizer-officially-asks-the-fda-to-authorize-its-covid-vaccine-for-kids-ged-5-11
2021-09-07,2021-10-13,36,5,https://medpub.io/
2021-10-06,2021-10-13,7,5,https://patch.com/virginia/reston/invest-early-childhood-education
2021-09-28,2021-10-13,15,5,https://protect-eu.mimecast.com/s/X-u_CVPDQHk50kEyFGbtyv?domain=play.google.com
2021-10-07,2021-10-13,6,5,http://yaledailynews.com/blog/2021/10/06/yales-vaccination-rate-reaches-second-highest-in-ivy-league-as-university-reports-zero-undergraduate-covid-19-cases-in-the-last-week/
2020-04-17,2021-10-13,544,5,https://apps.apple.com/app/earnings-alert/id777338548
2021-08-16,2021-10-13,58,5,https://assistedlivinglocators.com/care-advisor/northeasthouston/
2021-10-06,2021-10-13,7,5,https://coinbase.com/join/harris_2l?src=android-link
2021-10-12,2021-10-13,1,5,https://directory.libsyn.com/episode/index/id/20746325
2020-09-26,2021-10-13,382,5,https://doi.apa.org:443/getdoi.cfm?doi=10.1037/apl0000839
2021-07-05,2021-10-13,100,5,https://doubledexterity.weebly.com/
2021-08-05,2021-10-13,69,5,https://entrepreneurship.Best/
2020-11-01,2021-10-13,346,5,https://goo.gl/itW1mA
2021-02-25,2021-10-13,230,5,https://healthyfit07.blogspot.com/2021/02/most-basic-types-of-first-aid-you-must-master.html
2021-10-08,2021-10-13,5,5,https://innisfail.ca/administration/municipal-election/
2020-04-22,2021-10-13,539,5,https://itunes.apple.com/app/futures-gold-and-oil-tracker/id961024583?mt=8
2020-11-01,2021-10-13,346,5,https://itunes.apple.com/us/book/learning-numbers-for-kids/id747290129
2018-05-27,2021-10-13,1235,5,https://myspace.com/deniiteenage
2021-10-11,2021-10-13,2,6,https://patch.com/virginia/fredericksburg/fredericksburg-spca-awarded-20k-dental-diagnostic-equipment
2021-10-07,2021-10-13,6,6,https://skift.com/2021/10/07/united-airlines-ceo-says-vaccine-mandate-wasnt-a-business-decision/
2021-10-08,2021-10-13,5,6,https://survey123.arcgis.com/share/7c501a6618574c9ea5c52ab168fd0d3b
2021-10-07,2021-10-13,6,6,https://therightscoop.com/nbc-reveals-biden-admin-knew-of-haitians-caravan-in-july-and-did-nothing/
2021-10-11,2021-10-13,2,6,https://thewalrus.ca/next-major-earthquake-north-america/
2021-10-06,2021-10-13,7,6,https://townhall.com/columnists/bryanbashur/2021/10/06/draft-n2596987
2021-08-03,2021-10-13,71,6,http://www.bexarfutradio.com/
2015-06-30,2021-10-13,2297,6,http://www.supercompressor.com/culture/a-pilot-on-dangers-of-flying-that-aren-t-crashing-dvt-blood-clots
2021-08-30,2021-10-13,44,6,https://247musicmix.co.uk/
2019-12-20,2021-10-13,663,6,https://aaextensions.com/product/aa-bmi-calculator/
2021-08-27,2021-10-13,47,6,https://bookmyvaccine.co.nz/
2021-09-01,2021-10-13,42,6,https://crowdloan.composable.finance/
2021-10-10,2021-10-13,3,6,https://foreignaffairs.house.gov/hearings?ID=C4CF9CC0-9035-426D-90C5-7DBB3A304369
2021-02-04,2021-10-13,251,6,https://loudcreativeradio.co.uk/
2021-09-20,2021-10-13,23,6,https://mosaic.composable.finance/
2021-10-08,2021-10-13,5,6,https://news.sky.com/story/scotland-police-alerted-to-suspicious-activity-on-taliban-supporters-farm-near-nuclear-navy-submarine-base-12428980
2021-10-09,2021-10-13,4,7,https://news.sky.com/story/scotland-police-alerted-to-suspicious-activity-on-taliban-supporters-farm-near-nuclear-navy-submarine-base-12428980
2021-03-05,2021-10-13,222,7,https://safeassignment.org/
2021-10-10,2021-10-13,3,7,https://scitechdaily.com/biosymbiotic-devices-3d-printed-personalized-wireless-wearables-that-never-need-a-charge/
2021-10-07,2021-10-13,6,7,https://warontherocks.com/2021/10/in-post-american-central-asia-russia-and-china-are-tightening-their-grip/
2021-10-08,2021-10-13,5,7,https://www.aiplusinfo.com/blog/the-role-of-artificial-intelligence-in-healthcare-documentation/?ref=quuu
2021-09-04,2021-10-13,39,7,https://www.barkershoes.com/products/spencer-navy-grey-hand-painted
2021-10-08,2021-10-13,5,7,https://www.bizjournals.com/bizjournals/how-to/human-resources/2021/09/how-to-develop-a-high-employee-engagement-culture.html
2021-08-18,2021-10-13,56,7,http://afterschoolalliance.org/AA3PM/data/geo/National/stem
2021-09-21,2021-10-13,22,7,http://www.ontario.ca/vaccinebus
2021-08-27,2021-10-13,47,7,https://amazon.com/gp/product/B07P6Y8L3F?tag=cheapprr-20
2021-07-28,2021-10-13,77,7,https://atexansfitness.com/book-club/
2021-09-22,2021-10-13,21,8,https://cartelpunks.io/
2021-10-12,2021-10-13,1,8,https://earthquake.usgs.gov/earthquakes/eventpage/us6000ft1w
2017-02-12,2021-10-13,1704,8,https://go.cms.gov/omh
2021-10-11,2021-10-13,2,8,https://news.sky.com/story/twitch-confirms-data-breach-as-million-dollar-payouts-to-games-streamers-leak-online-12428914
2021-08-27,2021-10-13,47,8,https://www.amazon.com/gp/product/B07P6Y8L3F?tag=cheapprr-20
2021-01-21,2021-10-13,265,8,http://player.radiocoalition.org/carolinaclassichits?l
2021-09-23,2021-10-13,20,9,http://saharareporters.com/2021/09/23/exclusive-names-45-out-400-suspected-boko-haram-sponsors-buhari-government-hiding
2021-10-10,2021-10-13,3,9,https://cointelegraph.com/news/crypto-and-pension-funds-like-oil-and-water-or-maybe-not
2021-10-07,2021-10-13,6,9,https://redstate.com/jeffc/2021/10/07/exclusive-rep-chip-roy-pulls-no-punches-on-bidens-migrant-crisis-n453180
2021-10-08,2021-10-13,5,9,https://revolotto.org/
2021-10-08,2021-10-13,5,9,https://www.aljazeera.com/news/2021/10/8/kenya-rejects-un-jurisdiction-ahead-of-somalia-border-ruling
2021-10-07,2021-10-13,6,9,https://globalnews.ca/news/8251103/go-train-up-express-wont-require-covid-vaccine-proof/
2021-10-07,2021-10-13,6,9,https://grist.org/equity/epa-enforcement-pause-covid-congress-dereliction-of-duty-report/
2020-11-01,2021-10-13,346,10,https://maddogpac.com/collections/trump-sale
2021-10-11,2021-10-13,2,10,https://n4g-health-week.heysummit.com/
2021-10-07,2021-10-13,6,10,https://news.bitcoin.com/bitcoin-etf-approval-expected-by-months-end-prominent-hedge-fund-puts-more-weight-behind-btc/
2021-05-30,2021-10-13,136,10,https://thecopytrader.wordpress.com/
2021-05-24,2021-10-13,142,10,https://www.acpjournals.org/doi/10.7326/M21-1341?cookieSet=1
2021-09-27,2021-10-13,16,10,http://littlebirdofparadise.bigcartel.com/
2021-10-07,2021-10-13,6,10,https://9to5mac.com/2021/10/07/use-ios-15-2fa-code-generator-plus-autofill-iphone/
2021-01-07,2021-10-13,279,10,https://apps.apple.com/app/apple-store/id655425604
2019-05-19,2021-10-13,878,10,https://justfor.fans/StraightOffBase
2021-09-27,2021-10-13,16,10,https://littlebirdofparadise.bigcartel.com/
2021-10-08,2021-10-13,5,10,https://news.bitcoin.com/meme-crypto-shiba-inu-skyrockets-shib-climbs-230-in-a-week-whale-buys-6-trillion-tokens/
2021-10-08,2021-10-13,5,10,https://news.microsoft.com/features/how-computer-science-classes-are-building-a-better-future-for-students-in-juarez-mexico/
2020-11-01,2021-10-13,346,10,https://stopthehurt.org/outspoken
2019-04-09,2021-10-13,918,10,https://teresafunke.com/shop
2021-10-08,2021-10-13,5,11,https://thepienews.com/news/uk-must-develop-position-in-brazil-indonesia-south-korea-and-vietnam-uuki/
2021-02-08,2021-10-13,247,11,https://wehappyfew506.com/
2021-06-13,2021-10-13,122,12,https://www.318livefm.com/
2021-10-01,2021-10-13,12,12,https://reginafoodbank.ca/2021/09/28/mosaic-million-meal-challenge/
2021-10-08,2021-10-13,5,12,https://www.aljazeera.com/news/2021/10/8/q-and-a-nobel-peace-prize-winner-maria-ressa
2020-08-07,2021-10-13,432,13,https://apk.sekilastekno.com/post/Cara-Download-Stiker-WhatsApp
2020-08-05,2021-10-13,434,13,https://apk.sekilastekno.com/post/telkomsel
2021-09-11,2021-10-13,32,13,https://convictedsquirrels.com/
2020-11-17,2021-10-13,330,14,https://blackout.academy/
2020-02-28,2021-10-13,593,14,https://jct.ie/home/webinars.php
2020-08-13,2021-10-13,426,14,https://mywit.org/events/women-in-technology-awards/
2020-11-01,2021-10-13,346,14,https://soulwellpublishinggroup.com/#/
2021-09-28,2021-10-13,15,14,https://static.foxnews.com/foxnews.com/content/uploads/2021/09/Border-Patrol-horse.jpg
2021-07-05,2021-10-13,100,15,https://t.me/NanoDogecoin
2020-09-08,2021-10-13,400,16,https://t.me/orangepill
2021-10-08,2021-10-13,5,16,https://www.americanthinker.com/blog/2021/10/xi_jinpings_calculus_as_he_ponders_attacking_taiwan_possibly_starting_world_war_3.html
2021-10-07,2021-10-13,6,16,https://news.un.org/en/story/2021/10/1102462
2021-10-13,2021-10-13,0,17,https://news.un.org/en/story/2021/10/1102462
2013-04-10,2021-10-13,3108,17,https://jobpreference.com/
2021-01-22,2021-10-13,264,17,https://odusports.com/sidearmstats/wvball/summary
2019-11-18,2021-10-13,695,18,https://onlyfans.com/paganpoetry
2021-08-08,2021-10-13,66,18,https://healthcare.aramex.com/
2021-09-22,2021-10-13,21,19,https://khn.org/news/article/disinformation-dozen-doctors-covid-misinformation-social-media/
2021-02-20,2021-10-13,235,20,https://odusports.com/sidearmstats/fhockey/summary
2020-04-22,2021-10-13,539,20,https://discord.gg/JwYpXsS
2013-04-27,2021-10-13,3091,20,https://kiteretsu.jp//iphone/zookeeperbattle/index_en.html
2020-12-22,2021-10-13,295,21,https://facebook.com/brasileiraoplay
2020-08-25,2021-10-13,414,22,https://brettmurphy.net/
2021-10-04,2021-10-13,9,22,https://dailycaller.com/2021/10/04/fk-joe-biden-jets-titans-game-viral-video/
2017-12-14,2021-10-13,1399,22,https://goo.gl/dc75Kt
2020-05-22,2021-10-13,509,22,https://discord.com/invite/JwYpXsS
2020-12-25,2021-10-13,292,23,https://gains.farm/
2014-05-11,2021-10-13,2712,24,https://kinexischiropractic.com/
2018-12-21,2021-10-13,1027,25,https://watusi.fouadraheb.com
2019-11-15,2021-10-13,698,26,https://hearthis.at/4dapeoplemusic/live/
2019-10-15,2021-10-13,729,27,https://ipdnyc.org/
2021-04-11,2021-10-13,185,29,https://leojosefm.medium.com/python-analyzing-itunes-library-97bec60e13cb
2018-10-08,2021-10-13,1101,29,https://wkusports.com/sidearmstats/wsoc/summary
2020-09-09,2021-10-13,399,32,https://medium.com/@leojosefm/python-analyzing-itunes-library-97bec60e13cb
2020-04-01,2021-10-13,560,33,https://sismo.app/download/
2021-10-08,2021-10-13,5,34,https://thehill.com/regulation/healthcare/575931-biden-personally-called-pennsylvania-hospital-to-see-why-friend-could
2021-10-08,2021-10-13,5,36,https://blackamericaweb.com/2021/10/08/grandmother-of-juneteenth-opal-lee-continues-activism-civil-rights-fort-worth-texas/
2016-08-29,2021-10-13,1871,36,https://onestepdiagnostic.com/patient-info
2018-10-02,2021-10-13,1107,40,http://www.nhs.uk/find-a-pharmacy
2020-03-06,2021-10-13,586,40,http://saltfmradio.com/
2020-03-06,2021-10-13,586,40,http://www.saltfmradio.com/
2018-03-27,2021-10-13,1296,41,http://www.cryopdp.com/
2018-03-27,2021-10-13,1296,44,https://cryopdp.com/
2018-07-31,2021-10-13,1170,44,https://www.cancer.org/cancer/breast-cancer/breast-cancer-quiz.html
2019-11-18,2021-10-13,695,45,http://www.stationsimone.fr/
2018-05-04,2021-10-13,1258,46,https://ars1910.org/give/
2018-05-04,2021-10-13,1258,46,https://www.ars1910.org/give
2021-08-11,2021-10-13,63,48,https://app.viralsweep.com/sweeps/full/d19018-92119?framed=1#f2221757
2021-09-12,2021-10-13,31,49,https://t-adbar1.com/_j4ne
2021-08-08,2021-10-13,66,50,https://holeef.biz
2020-11-13,2021-10-13,334,52,http://www.cohenveteransnetwork.org/toolsforstress
2021-08-10,2021-10-13,64,53,https://sloanreview.mit.edu/article/why-every-executive-should-be-focusing-on-culture-change-now/
2019-07-02,2021-10-13,834,53,https://allatraunites.com/
2018-08-07,2021-10-13,1163,57,http://www.thelearningpartnership.ca/events/take-our-kids-to-work-day2001-04-04T09:28:14Z
2005-10-31,2021-10-13,5826,58,https://mpradio.net/
2014-07-19,2021-10-13,2643,59,https://cbaykidsbooks.com/
2021-10-06,2021-10-13,7,70,https://edition.cnn.com/2021/10/06/africa/ethiopian-airlines-investigation-tigray-war-intl-cmd/index.html
2014-12-19,2021-10-13,2490,70,http://djolaw.com/law/
2019-04-01,2021-10-13,926,71,https://DivineDreams.co/2016-10-09T14:55:02Z
2016-10-09,2021-10-13,1830,79,https://mpdowntown.com/oktoberfest-info/
2021-08-25,2021-10-13,49,80,https://app.viralsweep.com/sweeps/full/40654c-90194?framed=1#f2237698
2019-06-10,2021-10-13,856,86,https://ui.vision/
2017-02-17,2021-10-13,1699,95,http://qaguides.com/
2017-01-01,2021-10-13,1746,101,https://stylecareers.com/register-seeker
2007-05-02,2021-10-13,5278,101,http://www.mydrg.de/myDRG_archives/stellenanzeigen/stellen.html
2011-03-24,2021-10-13,3856,101,http://www.969theoasis.com/
2013-07-27,2021-10-13,3000,101,http://www.norfolk-deli.co.uk/
2019-09-30,2021-10-13,744,102,https://patreon.com/RussoTWC
2002-09-21,2021-10-13,6962,106,https://bigsonicheaven.com/
2021-10-07,2021-10-13,6,108,https://www.androidauthority.com/oneplus-9rt-launch-3036858/
2001-02-24,2021-10-13,7536,108,https://insynconline.net/
2013-05-17,2021-10-13,3071,109,http://www.themadmusicasylum.com/
2015-12-26,2021-10-13,2118,110,http://www.bitcoinpromocode.com/
2019-03-18,2021-10-13,940,119,http://doi.apa.org/getdoi.cfm?doi=10.1037/apl0000839
2021-10-03,2021-10-13,10,123,https://oaklandcoffee.com/bja-guitars-sweeps#f2199577
2019-12-06,2021-10-13,677,127,https://medium.com/muddyum/prognosticator-predicts-pandemonium-for-2020-292d3d0a92ea
2019-05-06,2021-10-13,891,159,https://twinybots.ch/
2001-04-10,2021-10-13,7491,170,http://www.ranchoelfortin.com
2021-07-22,2021-10-13,83,181,https://bookmyvaccine.covid19.health.nz/
2013-04-18,2021-10-13,3100,192,http://www.YnotTix.com/
2002-01-18,2021-10-13,7208,210,https://nativeamericanbank.com/
2000-11-02,2021-10-13,7650,216,http://www.zetter.com/
2018-02-03,2021-10-13,1348,218,https://goo.gl/CLuN5p
1999-11-28,2021-10-13,7990,219,http://www.rmdadvertising.com/
2017-11-08,2021-10-13,1435,232,https://iwillvote.com/VA
2014-07-05,2021-10-13,2657,248,https://softwaredevelopersindia.com/iphone-app-development.html
2008-04-17,2021-10-13,4927,254,https://oh.my/
2021-09-30,2021-10-13,13,284,https://crazycups.com/giveaway#f3033143
2018-05-25,2021-10-13,1237,330,https://earthquakes.ga.gov.au/
2021-07-16,2021-10-13,89,368,https://coffeehouse.oaklandcoffee.com/sweeps
2020-06-17,2021-10-13,483,625,https://dcfandome.com/
2008-06-07,2021-10-13,4876,635,https://shakeout.org/register/
2013-10-24,2021-10-13,2911,714,http://www.cms.gov/About-CMS/Agency-Information/Office-of-Minority-Health/index.html
1999-01-25,2021-10-13,8297,747,https://www.bayjournal.com/
1999-11-27,2021-10-13,7991,780,https://e-ponies.com/
2006-09-23,2021-10-13,5499,950,https://careers.wa.gov/
2015-03-29,2021-10-13,2390,1000,http://www.4scarrsgaming.com
2010-12-31,2021-10-13,3939,1020,https://elliottwave-forecast.com/
2000-12-04,2021-10-13,7618,1029,http://Public.com
2000-12-04,2021-10-13,7618,1029,https://public.com/
2001-10-27,2021-10-13,7291,1131,https://stylecareers.com/
2021-08-14,2021-10-13,60,1171,https://www.aap.org/en/pages/2019-novel-coronavirus-covid-19-infections/children-and-covid-19-state-level-data-report/
1998-12-12,2021-10-13,8341,1177,https://hiindia.com/
2007-12-16,2021-10-13,5050,1293,https://www.astroawani.com/
2021-02-11,2021-10-13,244,1329,https://vaccinate.virginia.gov/
2017-08-06,2021-10-13,1529,1553,https://getzen.cash
2002-08-01,2021-10-13,7013,1568,http://airportparkingreservations.com
2019-07-02,2021-10-13,834,1680,https://voter.votewa.gov
2000-11-09,2021-10-13,7643,2373,https://www.1800baskets.com/
2021-09-03,2021-10-13,40,2505,https://socialrebel.co
2004-01-14,2021-10-13,6482,2651,https://pages.ebay.com/messages/page_not_responding.html
2008-01-19,2021-10-13,5016,3422,https://NextBigFuture.com/
2002-07-17,2021-10-13,7028,22709,https://www.reddit.com/
1998-12-12,2021-10-13,8341,23387,http://amazon.com
1996-12-29,2021-10-13,9054,22987,https://koin.com/
1998-12-05,2021-10-13,8348,105876,https://people.com/
1996-10-29,2021-10-13,9115,67591,https://www.bankrate.com/
1996-12-31,2021-10-13,9051,56487,https://www.adweek.com/
2000-06-19,2021-10-13,7786,51969,https://metro.co.uk/
2020-08-24,2021-10-13,415,35063,https://covid.cdc.gov/covid-data-tracker/#vaccinations
1996-12-29,2021-10-13,9054,33806,https://pressherald.com:443/
1998-12-02,2021-10-13,8351,28865,https://abc7.com/
,,,,
,,2021-10-13,,